INSERT INTO Clients (ClientId, FirstName, LastName, Email, Phone) VALUES ('97a39aa8-43a6-43a3-955c-b9f54d64e023', 'Adrienne', 'Garrison', 'fmorton@stewart-cooper.com', '+1-301-273-8101x8860');
INSERT INTO Clients (ClientId, FirstName, LastName, Email, Phone) VALUES ('c4b48966-c637-4cdb-8dd7-f428da5ffd0a', 'Philip', 'Garcia', 'michael18@ramos-green.com', '400-260-5244x8650');
INSERT INTO Clients (ClientId, FirstName, LastName, Email, Phone) VALUES ('141d06f7-b0e5-4930-9ea9-37bc07ea2d49', 'Desiree', 'Salas', 'heatherwilliamson@spencer.com', '0184641194');
INSERT INTO Clients (ClientId, FirstName, LastName, Email, Phone) VALUES ('d3cfabd1-33b0-483d-b603-62aba1a1129e', 'Sharon', 'Anderson', 'websterjuan@curtis.com', '(634)265-9231');
INSERT INTO Clients (ClientId, FirstName, LastName, Email, Phone) VALUES ('ae4f26d9-7072-48b8-8b24-40f536b74f30', 'Jennifer', 'Mclaughlin', 'grichardson@yahoo.com', '611-630-0695x1332');
INSERT INTO Clients (ClientId, FirstName, LastName, Email, Phone) VALUES ('0897f264-7530-4b4f-988f-2ad50bcb1f76', 'John', 'Harris', 'amanda84@gmail.com', '659-744-3285x822');
INSERT INTO Clients (ClientId, FirstName, LastName, Email, Phone) VALUES ('9ecabcf8-649a-45b3-beba-fa3fd7c89a8d', 'Melissa', 'Hernandez', 'jamesgonzales@lyons-gibson.com', '828-625-7125');
INSERT INTO Clients (ClientId, FirstName, LastName, Email, Phone) VALUES ('5d42c16c-5ffe-4dba-8d72-5fd48f00f3f4', 'Robert', 'Conway', 'andersonstephanie@hotmail.com', '001-929-244-0910x28554');
INSERT INTO Clients (ClientId, FirstName, LastName, Email, Phone) VALUES ('7271e694-2c76-473c-896a-e0d730f7088a', 'Samuel', 'Munoz', 'louishill@gmail.com', '948.335.8284');
INSERT INTO Clients (ClientId, FirstName, LastName, Email, Phone) VALUES ('e227949e-c81b-4bf5-b61f-89c82f15eea4', 'Connie', 'Miles', 'jessicabrown@hotmail.com', '192.785.1047');
INSERT INTO Clients (ClientId, FirstName, LastName, Email, Phone) VALUES ('4a843304-fc91-4b48-9509-7779c2729c09', 'Ethan', 'Robinson', 'nicholasryan@gmail.com', '354-860-3085');
INSERT INTO Clients (ClientId, FirstName, LastName, Email, Phone) VALUES ('fe271f1c-74f3-461f-bf85-be6d8498e1f1', 'Lisa', 'Kramer', 'ubanks@hotmail.com', '+1-317-036-7479x89799');
INSERT INTO Clients (ClientId, FirstName, LastName, Email, Phone) VALUES ('18b90a52-029c-46da-894f-99ac2a9ec06e', 'Teresa', 'Bray', 'yanderson@hotmail.com', '432.990.7830x5980');
INSERT INTO Clients (ClientId, FirstName, LastName, Email, Phone) VALUES ('b255f8f9-ebe5-46e7-9d9f-8ec8eebf95f8', 'Tiffany', 'Anderson', 'jonathan69@wiley-donaldson.com', '+1-193-291-8208x8319');
INSERT INTO Clients (ClientId, FirstName, LastName, Email, Phone) VALUES ('ca9b0714-3b0c-44e1-aceb-6e6644bfaff1', 'Benjamin', 'Collins', 'joshua58@gmail.com', '3666287174');
INSERT INTO Clients (ClientId, FirstName, LastName, Email, Phone) VALUES ('40b378d7-b7c8-4342-9555-e13c14a90bf2', 'Paul', 'Cobb', 'gonzalezann@yahoo.com', '(923)921-4749x693');
INSERT INTO Clients (ClientId, FirstName, LastName, Email, Phone) VALUES ('572de985-c96d-4b0a-bca0-0430cfc03a86', 'Kathleen', 'Long', 'smithtiffany@gmail.com', '(597)961-3841x765');
INSERT INTO Clients (ClientId, FirstName, LastName, Email, Phone) VALUES ('20cf05f9-29fd-4a99-b7e9-a62d6b03d2b6', 'Adam', 'Turner', 'davidayala@wheeler.com', '001-037-319-1675x05156');
INSERT INTO Clients (ClientId, FirstName, LastName, Email, Phone) VALUES ('7e6d58b5-a1d6-4aec-a624-734b1b122ee8', 'Daniel', 'Gilbert', 'owenjoseph@rice.com', '6041630905');
INSERT INTO Clients (ClientId, FirstName, LastName, Email, Phone) VALUES ('6f65f39a-e5f4-4f83-94c2-8d41e95db607', 'Samuel', 'Schneider', 'bairddawn@burns-payne.biz', '310-657-8142x46073');
INSERT INTO Clients (ClientId, FirstName, LastName, Email, Phone) VALUES ('feb61709-e472-4f99-a1bf-b27d2d5b48ff', 'Tina', 'Hernandez', 'castillomegan@yahoo.com', '+1-895-294-8041x785');
INSERT INTO Clients (ClientId, FirstName, LastName, Email, Phone) VALUES ('3bd83e87-0f17-466f-ad1a-e76526499881', 'Brian', 'Smith', 'caldwelljacqueline@spears.com', '175.571.6082');
INSERT INTO Clients (ClientId, FirstName, LastName, Email, Phone) VALUES ('231705ce-f87b-4364-a770-b9ab6b422286', 'William', 'Barton', 'oliviadean@gmail.com', '001-927-596-3504x60451');
INSERT INTO Clients (ClientId, FirstName, LastName, Email, Phone) VALUES ('ae3a1d56-f0fd-4750-a993-8e9060af4e84', 'Christine', 'Curtis', 'stephanie24@sawyer-wolf.com', '229-643-4099');
INSERT INTO Clients (ClientId, FirstName, LastName, Email, Phone) VALUES ('8fa7e9b2-e5ae-4722-b979-5cbf63c20810', 'Summer', 'Soto', 'valenciamichelle@brown.com', '300-255-1228x576');
INSERT INTO Clients (ClientId, FirstName, LastName, Email, Phone) VALUES ('2debbb31-a8b4-4fe2-93f3-a000b72853c3', 'Rodney', 'Vaughn', 'xroberts@hotmail.com', '264-647-9923x33323');
INSERT INTO Clients (ClientId, FirstName, LastName, Email, Phone) VALUES ('e9e55eae-fdb6-491a-928a-6180926bbc68', 'Cindy', 'Carlson', 'rachel90@hotmail.com', '270.004.6791');
INSERT INTO Clients (ClientId, FirstName, LastName, Email, Phone) VALUES ('1fccaa6f-bf1f-462c-b5da-79f181ce549a', 'Joseph', 'Castro', 'yhines@anderson-wilson.org', '886-018-5640');
INSERT INTO Clients (ClientId, FirstName, LastName, Email, Phone) VALUES ('81a6e444-a920-4dd8-954d-6dcc6c233a52', 'Patrick', 'Johnson', 'christinejones@hurley.com', '892-143-8112x07491');
INSERT INTO Clients (ClientId, FirstName, LastName, Email, Phone) VALUES ('409f6d4e-f526-4c48-a1e4-a80cefb73744', 'Tanya', 'Robinson', 'nancywright@yahoo.com', '834.797.1773');
INSERT INTO Clients (ClientId, FirstName, LastName, Email, Phone) VALUES ('7e567aed-1460-4feb-baf1-3efabb851f63', 'Anna', 'Watson', 'uriggs@yahoo.com', '(723)406-1357x41761');
INSERT INTO Clients (ClientId, FirstName, LastName, Email, Phone) VALUES ('91825b1b-214f-4809-b46b-5aef96132b4c', 'Rachel', 'Curtis', 'martineztammy@krause-klein.com', '482-356-8718x74091');
INSERT INTO Clients (ClientId, FirstName, LastName, Email, Phone) VALUES ('f0c19d8b-509d-4ffd-82bb-0d27ec8956fc', 'Brenda', 'Nelson', 'fdodson@gmail.com', '(983)698-4409x664');
INSERT INTO Clients (ClientId, FirstName, LastName, Email, Phone) VALUES ('771bbb15-15b6-4167-b644-65b61e480bb0', 'Andrew', 'Roberts', 'tracigray@nash.com', '460-556-7603x7848');
INSERT INTO Clients (ClientId, FirstName, LastName, Email, Phone) VALUES ('d99e3fad-d919-4c98-997d-00de2c3ede52', 'Gary', 'Vargas', 'chelsea07@yahoo.com', '+1-827-122-0721x989');
INSERT INTO Clients (ClientId, FirstName, LastName, Email, Phone) VALUES ('6a623829-4c9d-4fdb-9555-e2809ee9cb3f', 'Stephen', 'Adams', 'ehernandez@gmail.com', '+1-905-569-4345x79693');
INSERT INTO Clients (ClientId, FirstName, LastName, Email, Phone) VALUES ('a6b5793a-604b-46f4-9551-8239592faeeb', 'Karen', 'Carter', 'egray@harper-davis.com', '025.819.0452');
INSERT INTO Clients (ClientId, FirstName, LastName, Email, Phone) VALUES ('d444fee9-3101-4406-9c79-ec96cf9f462d', 'Ruth', 'Byrd', 'millerjessica@gmail.com', '+1-740-888-4873x619');
INSERT INTO Clients (ClientId, FirstName, LastName, Email, Phone) VALUES ('d1b65bcf-978c-45ef-b0eb-07e5b394681f', 'Kevin', 'Morales', 'hendersondylan@gmail.com', '432-271-7607x885');
INSERT INTO Clients (ClientId, FirstName, LastName, Email, Phone) VALUES ('1feb2994-cc9f-4dde-80c0-315240c710a4', 'Kenneth', 'Harris', 'zmendoza@yahoo.com', '306.883.6633');
INSERT INTO Clients (ClientId, FirstName, LastName, Email, Phone) VALUES ('03d6590d-052d-4d6a-93ec-0b21b77e3238', 'Ashley', 'Snyder', 'stacyanderson@johnson-arnold.com', '546-863-5855x4371');
INSERT INTO Clients (ClientId, FirstName, LastName, Email, Phone) VALUES ('9e656907-634b-4c61-9155-da853ee4460b', 'Megan', 'Wolfe', 'sandra06@cline.biz', '527-977-1888');
INSERT INTO Clients (ClientId, FirstName, LastName, Email, Phone) VALUES ('3b885bb3-cac1-4136-a6aa-b83e4695e971', 'Kenneth', 'Mccormick', 'brooke31@powell.org', '(944)131-0656x39753');
INSERT INTO Clients (ClientId, FirstName, LastName, Email, Phone) VALUES ('e6aedea7-5622-4199-955a-31baf6d80c23', 'Timothy', 'Flores', 'carmenmclaughlin@hotmail.com', '122.025.5010');
INSERT INTO Clients (ClientId, FirstName, LastName, Email, Phone) VALUES ('14e83a5a-5263-416c-ab38-1d14fbcc84c1', 'Andrew', 'Mullins', 'diazdwayne@garrett-barker.net', '001-765-516-1975x7057');
INSERT INTO Clients (ClientId, FirstName, LastName, Email, Phone) VALUES ('ee2091c1-83d3-4a3e-a124-cf86d8a84017', 'Ruth', 'Boyd', 'rmunoz@yahoo.com', '829.469.6502x6342');
INSERT INTO Clients (ClientId, FirstName, LastName, Email, Phone) VALUES ('ba3bcd0d-9d75-4010-be4f-5f8126a3632c', 'Bryan', 'Hensley', 'wdavis@kidd.org', '+1-875-857-9445x075');
INSERT INTO Clients (ClientId, FirstName, LastName, Email, Phone) VALUES ('233d7964-7f23-4bb4-a155-7f960264ef0e', 'Jeffrey', 'Thomas', 'kwebb@stout-gardner.com', '+1-979-803-0388x045');
INSERT INTO Clients (ClientId, FirstName, LastName, Email, Phone) VALUES ('70419c60-844c-48df-9979-d19356d9280e', 'Kathryn', 'Blevins', 'yjackson@hotmail.com', '(387)202-9938x04155');
INSERT INTO Clients (ClientId, FirstName, LastName, Email, Phone) VALUES ('983cb6a9-cbde-448f-9b7c-593a855e90c6', 'Felicia', 'Johnson', 'jacqueline73@gmail.com', '+1-617-944-8662x33488');
INSERT INTO Articles (ArticleId, Code, Name, Category, Status, Location) VALUES ('bc2ff02a-2115-4944-8631-202d21139dcd', 'ART-52023', 'Guy Hold', 'Hardware', 'Available', 'Alvaradoville');
INSERT INTO Articles (ArticleId, Code, Name, Category, Status, Location) VALUES ('932ebe14-ec4c-4c70-89dc-b00b1887d28e', 'ART-94740', 'Play Long', 'Furniture', 'Loaned', 'East Dianefort');
INSERT INTO Articles (ArticleId, Code, Name, Category, Status, Location) VALUES ('e0875174-9fa7-4888-886b-2efa20d0a1ec', 'ART-11571', 'Smile You', 'Hardware', 'Loaned', 'South Ashleymouth');
INSERT INTO Articles (ArticleId, Code, Name, Category, Status, Location) VALUES ('0117db57-215a-4c5c-a97f-868d7d9ed296', 'ART-07668', 'Measure Ahead', 'Office', 'Loaned', 'Andrewfort');
INSERT INTO Articles (ArticleId, Code, Name, Category, Status, Location) VALUES ('61545a94-9839-409f-9134-544a6dff921b', 'ART-87248', 'Child Former', 'Furniture', 'Available', 'East Mary');
INSERT INTO Articles (ArticleId, Code, Name, Category, Status, Location) VALUES ('21fa5d23-9940-41a4-890e-e882c5081594', 'ART-44546', 'Everything Statement', 'Furniture', 'Loaned', 'Davidstad');
INSERT INTO Articles (ArticleId, Code, Name, Category, Status, Location) VALUES ('34d78d16-b439-48a8-ad81-4520c5b74816', 'ART-29238', 'Specific Choose', 'Office', 'Loaned', 'Emilyfurt');
INSERT INTO Articles (ArticleId, Code, Name, Category, Status, Location) VALUES ('ceaa0ea1-095f-4ac7-a73f-77d8554097d1', 'ART-19670', 'Something Fine', 'Office', 'Loaned', 'Lake Aaronborough');
INSERT INTO Articles (ArticleId, Code, Name, Category, Status, Location) VALUES ('7957f7a2-f2b4-4ece-8fb9-31046976de40', 'ART-55941', 'Administration State', 'Furniture', 'Available', 'Brentside');
INSERT INTO Articles (ArticleId, Code, Name, Category, Status, Location) VALUES ('d51d0ddf-1428-4ed3-ac4e-79938d1c9320', 'ART-38142', 'Common Area', 'Office', 'Loaned', 'Garyburgh');
INSERT INTO Articles (ArticleId, Code, Name, Category, Status, Location) VALUES ('4b746d6a-bea1-443f-a0f3-90cb886372ad', 'ART-24406', 'Gun Argue', 'Hardware', 'Loaned', 'Peterchester');
INSERT INTO Articles (ArticleId, Code, Name, Category, Status, Location) VALUES ('20e58b84-0103-44e8-8426-76f860df5a52', 'ART-75004', 'Certain East', 'Office', 'Loaned', 'Simpsonside');
INSERT INTO Articles (ArticleId, Code, Name, Category, Status, Location) VALUES ('45a4c12b-5b01-4ba1-81e1-3c32580beffe', 'ART-58808', 'While Book', 'Furniture', 'Available', 'Buckleystad');
INSERT INTO Articles (ArticleId, Code, Name, Category, Status, Location) VALUES ('6c9dcebd-ef50-4749-b9f4-46f671d36509', 'ART-54753', 'Lose Wrong', 'Office', 'Available', 'Vincentbury');
INSERT INTO Articles (ArticleId, Code, Name, Category, Status, Location) VALUES ('6b0099b8-ca1a-4a70-82a8-d25ec90c1d92', 'ART-56284', 'Manager Source', 'Hardware', 'Loaned', 'Port Wyatttown');
INSERT INTO Articles (ArticleId, Code, Name, Category, Status, Location) VALUES ('9a9f0f1a-44ee-4529-a168-1ad7be79c207', 'ART-17111', 'Television Coach', 'Office', 'Loaned', 'South Tiffanyborough');
INSERT INTO Articles (ArticleId, Code, Name, Category, Status, Location) VALUES ('f11d7b91-a283-4865-be0f-d7d1503d38bd', 'ART-47139', 'Meeting Similar', 'Electronics', 'Available', 'New Jamieside');
INSERT INTO Articles (ArticleId, Code, Name, Category, Status, Location) VALUES ('3a48dbbd-15ac-4891-9926-2d26180ed1db', 'ART-64204', 'It General', 'Office', 'Loaned', 'Henryshire');
INSERT INTO Articles (ArticleId, Code, Name, Category, Status, Location) VALUES ('d46fa2ec-fa66-4659-ab66-d8ef47fb2cd0', 'ART-43180', 'Everyone Work', 'Office', 'Loaned', 'Port Michaelburgh');
INSERT INTO Articles (ArticleId, Code, Name, Category, Status, Location) VALUES ('52165bff-a700-4fd6-8ad4-18580c2ed4cc', 'ART-37774', 'Practice Capital', 'Office', 'Loaned', 'Nathanberg');
INSERT INTO Articles (ArticleId, Code, Name, Category, Status, Location) VALUES ('6e208da2-8f14-4709-8d24-899ffbbf4fe2', 'ART-80341', 'Story Others', 'Hardware', 'Loaned', 'Lake Morganfurt');
INSERT INTO Articles (ArticleId, Code, Name, Category, Status, Location) VALUES ('2d34329b-3648-4447-9434-7a69f598f1ab', 'ART-17837', 'Purpose Wind', 'Electronics', 'Available', 'West Jeffreyport');
INSERT INTO Articles (ArticleId, Code, Name, Category, Status, Location) VALUES ('f39d20e6-eff4-4e22-9603-b667b742e869', 'ART-85059', 'Avoid Pattern', 'Furniture', 'Loaned', 'Mcdonaldchester');
INSERT INTO Articles (ArticleId, Code, Name, Category, Status, Location) VALUES ('85006573-a990-43e9-b455-a483d0102a38', 'ART-54021', 'Space Nice', 'Furniture', 'Loaned', 'Hamiltonshire');
INSERT INTO Articles (ArticleId, Code, Name, Category, Status, Location) VALUES ('af99d581-1c8c-47fc-8329-f4747709148c', 'ART-53974', 'Yard Along', 'Hardware', 'Loaned', 'Jamesshire');
INSERT INTO Articles (ArticleId, Code, Name, Category, Status, Location) VALUES ('8cebeb2a-cf8d-41f3-88d5-05d695134233', 'ART-58988', 'Fly Tonight', 'Office', 'Available', 'Hunterburgh');
INSERT INTO Articles (ArticleId, Code, Name, Category, Status, Location) VALUES ('eb080a7e-a556-48d2-b44f-45d54a847995', 'ART-69577', 'Work Nation', 'Office', 'Available', 'Garrisonfort');
INSERT INTO Articles (ArticleId, Code, Name, Category, Status, Location) VALUES ('ccef1e7f-79ad-4f1e-9915-b67eb275300a', 'ART-50163', 'Politics Inside', 'Electronics', 'Available', 'East Morganberg');
INSERT INTO Articles (ArticleId, Code, Name, Category, Status, Location) VALUES ('a4f0e869-47cc-4980-9e9c-92ec0b70c745', 'ART-45638', 'Window Professor', 'Electronics', 'Available', 'Courtneybury');
INSERT INTO Articles (ArticleId, Code, Name, Category, Status, Location) VALUES ('5d15a2a6-f1b8-46b1-aad5-63e49e127064', 'ART-29577', 'Share Ok', 'Hardware', 'Available', 'North Thomas');
INSERT INTO Articles (ArticleId, Code, Name, Category, Status, Location) VALUES ('ba5a4bd6-9d89-4371-8433-cd8a8edf53e1', 'ART-70453', 'Respond Especially', 'Furniture', 'Available', 'Lake Erik');
INSERT INTO Articles (ArticleId, Code, Name, Category, Status, Location) VALUES ('562f06e6-8b8c-4259-8a8a-a0c998b0b98a', 'ART-18430', 'Should Direction', 'Hardware', 'Available', 'Kingview');
INSERT INTO Articles (ArticleId, Code, Name, Category, Status, Location) VALUES ('ceede063-b69c-4360-868b-7972280f7e10', 'ART-26640', 'Gas Market', 'Electronics', 'Loaned', 'South Joseph');
INSERT INTO Articles (ArticleId, Code, Name, Category, Status, Location) VALUES ('3a5bf379-af69-474b-8e3e-9f3eb9f2f2b9', 'ART-41570', 'Never Serious', 'Hardware', 'Available', 'Lake Justinfurt');
INSERT INTO Articles (ArticleId, Code, Name, Category, Status, Location) VALUES ('bc428d4d-d7c3-45be-a36d-8ecc7772a60b', 'ART-37300', 'Face Camera', 'Office', 'Available', 'South Samuelview');
INSERT INTO Articles (ArticleId, Code, Name, Category, Status, Location) VALUES ('86c10d6c-0347-40cc-a4a5-80a647f8bda8', 'ART-36380', 'Article Sense', 'Hardware', 'Loaned', 'Greenmouth');
INSERT INTO Articles (ArticleId, Code, Name, Category, Status, Location) VALUES ('008d65b0-eeb4-46b1-a44d-bd4d3cc0d6e5', 'ART-42459', 'Mind Head', 'Office', 'Loaned', 'South Sheilaberg');
INSERT INTO Articles (ArticleId, Code, Name, Category, Status, Location) VALUES ('7b9912a8-a349-431b-ac04-a6d81002e7ae', 'ART-38029', 'Professional Late', 'Office', 'Available', 'East Kristinland');
INSERT INTO Articles (ArticleId, Code, Name, Category, Status, Location) VALUES ('9b9b08dc-6439-4b00-8ef0-52d1dc5a26f1', 'ART-72482', 'Deal General', 'Office', 'Available', 'West Bridget');
INSERT INTO Articles (ArticleId, Code, Name, Category, Status, Location) VALUES ('0779c08f-e4f6-4f3b-a43a-288161e7b373', 'ART-00724', 'Bank Main', 'Hardware', 'Available', 'Rebeccaburgh');
INSERT INTO Articles (ArticleId, Code, Name, Category, Status, Location) VALUES ('45b33aa5-0459-4da3-91fe-0c5c4fca86ad', 'ART-73099', 'Play Ball', 'Electronics', 'Loaned', 'Kennethland');
INSERT INTO Articles (ArticleId, Code, Name, Category, Status, Location) VALUES ('56975cc8-e448-4f56-a440-fceab99d35d2', 'ART-03184', 'Test Pass', 'Office', 'Available', 'Veronicaside');
INSERT INTO Articles (ArticleId, Code, Name, Category, Status, Location) VALUES ('586b568c-d7d4-4ec4-aae2-0006b26a4915', 'ART-65119', 'Pattern Raise', 'Furniture', 'Available', 'New James');
INSERT INTO Articles (ArticleId, Code, Name, Category, Status, Location) VALUES ('432f8ac0-22a5-4762-a7af-b01f8a366671', 'ART-59640', 'Name Yes', 'Hardware', 'Loaned', 'Hansonton');
INSERT INTO Articles (ArticleId, Code, Name, Category, Status, Location) VALUES ('b8e07032-6d94-40fa-9361-1adbde9c42a7', 'ART-02262', 'Reflect Event', 'Hardware', 'Available', 'Lake Dawnville');
INSERT INTO Articles (ArticleId, Code, Name, Category, Status, Location) VALUES ('deabf656-e0f7-43d5-96ce-e87a537c83a2', 'ART-51269', 'Including Capital', 'Office', 'Available', 'Calhounchester');
INSERT INTO Articles (ArticleId, Code, Name, Category, Status, Location) VALUES ('b545ab5c-5706-45d0-8bc2-ffe9bb89574d', 'ART-11484', 'Own Cost', 'Hardware', 'Available', 'Jonesville');
INSERT INTO Articles (ArticleId, Code, Name, Category, Status, Location) VALUES ('5b5585b5-34b7-4d86-a06d-3bdc4fc60919', 'ART-95927', 'Practice Low', 'Hardware', 'Available', 'Lake Jessica');
INSERT INTO Articles (ArticleId, Code, Name, Category, Status, Location) VALUES ('0d94f284-a89c-4683-afbe-3a2ccf47224c', 'ART-90005', 'Heavy Baby', 'Electronics', 'Available', 'Conleymouth');
INSERT INTO Articles (ArticleId, Code, Name, Category, Status, Location) VALUES ('02635482-4896-49d5-8199-2832bf28f66f', 'ART-85021', 'Seven Into', 'Furniture', 'Available', 'Lake Diane');
INSERT INTO Loans (LoanId, ArticleId, EmployeeId, ClientId, RequestedAt, DeliveredAt, ReturnedAt, Status) VALUES ('89df3b37-ca39-49d8-a990-0d33bfd38985', '45a4c12b-5b01-4ba1-81e1-3c32580beffe', '00000000-0000-0000-0000-000000000001', '231705ce-f87b-4364-a770-b9ab6b422286', '2024-06-12', '2024-06-13', NULL, 'Rejected');
INSERT INTO Loans (LoanId, ArticleId, EmployeeId, ClientId, RequestedAt, DeliveredAt, ReturnedAt, Status) VALUES ('1b5d0963-4375-4278-90a7-02c211cfe6f0', '34d78d16-b439-48a8-ad81-4520c5b74816', '00000000-0000-0000-0000-000000000001', 'd99e3fad-d919-4c98-997d-00de2c3ede52', '2023-10-01', '2023-10-02', NULL, 'Rejected');
INSERT INTO Loans (LoanId, ArticleId, EmployeeId, ClientId, RequestedAt, DeliveredAt, ReturnedAt, Status) VALUES ('c327e09a-c70a-4b4f-b70d-84971af3db7b', 'bc428d4d-d7c3-45be-a36d-8ecc7772a60b', '00000000-0000-0000-0000-000000000001', '409f6d4e-f526-4c48-a1e4-a80cefb73744', '2024-04-09', '2024-04-10', NULL, 'Approved');
INSERT INTO Loans (LoanId, ArticleId, EmployeeId, ClientId, RequestedAt, DeliveredAt, ReturnedAt, Status) VALUES ('6d862cc1-065e-4448-9c29-0867a378f44e', 'af99d581-1c8c-47fc-8329-f4747709148c', '00000000-0000-0000-0000-000000000001', 'ae3a1d56-f0fd-4750-a993-8e9060af4e84', '2023-07-23', '2023-07-24', NULL, 'Approved');
INSERT INTO Loans (LoanId, ArticleId, EmployeeId, ClientId, RequestedAt, DeliveredAt, ReturnedAt, Status) VALUES ('9c65182a-f168-41ac-a835-2949710aaafd', 'f39d20e6-eff4-4e22-9603-b667b742e869', '00000000-0000-0000-0000-000000000001', '14e83a5a-5263-416c-ab38-1d14fbcc84c1', '2024-09-16', '2024-09-17', NULL, 'Pending');
INSERT INTO Loans (LoanId, ArticleId, EmployeeId, ClientId, RequestedAt, DeliveredAt, ReturnedAt, Status) VALUES ('5685042d-022e-443b-ba95-576360c2c8f8', '6c9dcebd-ef50-4749-b9f4-46f671d36509', '00000000-0000-0000-0000-000000000001', '7e567aed-1460-4feb-baf1-3efabb851f63', '2025-05-05', '2025-05-06', '2025-05-29', 'Returned');
INSERT INTO Loans (LoanId, ArticleId, EmployeeId, ClientId, RequestedAt, DeliveredAt, ReturnedAt, Status) VALUES ('d0675ea5-2452-4b69-b81e-422bbde093b0', '85006573-a990-43e9-b455-a483d0102a38', '00000000-0000-0000-0000-000000000001', '8fa7e9b2-e5ae-4722-b979-5cbf63c20810', '2024-11-17', '2024-11-18', '2025-01-15', 'Returned');
INSERT INTO Loans (LoanId, ArticleId, EmployeeId, ClientId, RequestedAt, DeliveredAt, ReturnedAt, Status) VALUES ('1cd23cc6-c49e-4adb-9b0d-6614db447e34', 'f11d7b91-a283-4865-be0f-d7d1503d38bd', '00000000-0000-0000-0000-000000000001', 'f0c19d8b-509d-4ffd-82bb-0d27ec8956fc', '2024-03-12', '2024-03-13', NULL, 'Approved');
INSERT INTO Loans (LoanId, ArticleId, EmployeeId, ClientId, RequestedAt, DeliveredAt, ReturnedAt, Status) VALUES ('c62880a6-9ce0-4979-aa40-f55b3f2d74cd', 'e0875174-9fa7-4888-886b-2efa20d0a1ec', '00000000-0000-0000-0000-000000000001', '3bd83e87-0f17-466f-ad1a-e76526499881', '2025-01-11', '2025-01-12', NULL, 'Pending');
INSERT INTO Loans (LoanId, ArticleId, EmployeeId, ClientId, RequestedAt, DeliveredAt, ReturnedAt, Status) VALUES ('5e5f9464-3927-43d1-a31d-64cc96e427de', '61545a94-9839-409f-9134-544a6dff921b', '00000000-0000-0000-0000-000000000001', '3b885bb3-cac1-4136-a6aa-b83e4695e971', '2025-04-09', '2025-04-10', NULL, 'Rejected');
INSERT INTO Loans (LoanId, ArticleId, EmployeeId, ClientId, RequestedAt, DeliveredAt, ReturnedAt, Status) VALUES ('dca3cc7a-926c-4178-ac5e-55d2e5200b51', '0d94f284-a89c-4683-afbe-3a2ccf47224c', '00000000-0000-0000-0000-000000000001', 'c4b48966-c637-4cdb-8dd7-f428da5ffd0a', '2025-03-03', '2025-03-04', NULL, 'Rejected');
INSERT INTO Loans (LoanId, ArticleId, EmployeeId, ClientId, RequestedAt, DeliveredAt, ReturnedAt, Status) VALUES ('c61eb2c9-3d9a-4492-80b7-1b300d858172', '932ebe14-ec4c-4c70-89dc-b00b1887d28e', '00000000-0000-0000-0000-000000000001', 'f0c19d8b-509d-4ffd-82bb-0d27ec8956fc', '2024-08-01', '2024-08-02', NULL, 'Rejected');
INSERT INTO Loans (LoanId, ArticleId, EmployeeId, ClientId, RequestedAt, DeliveredAt, ReturnedAt, Status) VALUES ('8da91840-d81b-4773-8f45-513532ea5a2b', 'f11d7b91-a283-4865-be0f-d7d1503d38bd', '00000000-0000-0000-0000-000000000001', 'e9e55eae-fdb6-491a-928a-6180926bbc68', '2024-06-01', '2024-06-02', NULL, 'Approved');
INSERT INTO Loans (LoanId, ArticleId, EmployeeId, ClientId, RequestedAt, DeliveredAt, ReturnedAt, Status) VALUES ('019350d3-7877-46cc-b46c-360164eab2f9', 'd51d0ddf-1428-4ed3-ac4e-79938d1c9320', '00000000-0000-0000-0000-000000000001', 'ae3a1d56-f0fd-4750-a993-8e9060af4e84', '2024-09-30', '2024-10-01', NULL, 'Approved');
INSERT INTO Loans (LoanId, ArticleId, EmployeeId, ClientId, RequestedAt, DeliveredAt, ReturnedAt, Status) VALUES ('d9a8ee7d-b6a5-43b1-a0ab-feb1ffa763f7', 'ccef1e7f-79ad-4f1e-9915-b67eb275300a', '00000000-0000-0000-0000-000000000001', 'd99e3fad-d919-4c98-997d-00de2c3ede52', '2025-03-02', '2025-03-03', NULL, 'Pending');
INSERT INTO Loans (LoanId, ArticleId, EmployeeId, ClientId, RequestedAt, DeliveredAt, ReturnedAt, Status) VALUES ('7af4fa35-9f44-4d47-8ed7-402ba5379f0d', 'bc428d4d-d7c3-45be-a36d-8ecc7772a60b', '00000000-0000-0000-0000-000000000001', '141d06f7-b0e5-4930-9ea9-37bc07ea2d49', '2024-01-27', '2024-01-28', NULL, 'Approved');
INSERT INTO Loans (LoanId, ArticleId, EmployeeId, ClientId, RequestedAt, DeliveredAt, ReturnedAt, Status) VALUES ('fe73d166-089a-4faf-9d9f-68846f935dbf', '3a5bf379-af69-474b-8e3e-9f3eb9f2f2b9', '00000000-0000-0000-0000-000000000001', '14e83a5a-5263-416c-ab38-1d14fbcc84c1', '2024-12-15', '2024-12-16', NULL, 'Approved');
INSERT INTO Loans (LoanId, ArticleId, EmployeeId, ClientId, RequestedAt, DeliveredAt, ReturnedAt, Status) VALUES ('fe90343b-30d2-4290-a52e-e5f7e66256c4', 'ceede063-b69c-4360-868b-7972280f7e10', '00000000-0000-0000-0000-000000000001', '2debbb31-a8b4-4fe2-93f3-a000b72853c3', '2025-02-01', '2025-02-02', '2025-02-28', 'Returned');
INSERT INTO Loans (LoanId, ArticleId, EmployeeId, ClientId, RequestedAt, DeliveredAt, ReturnedAt, Status) VALUES ('75541172-4dc9-49a9-95f0-1149196c8cdc', 'af99d581-1c8c-47fc-8329-f4747709148c', '00000000-0000-0000-0000-000000000001', '7e6d58b5-a1d6-4aec-a624-734b1b122ee8', '2023-12-22', '2023-12-23', NULL, 'Rejected');
INSERT INTO Loans (LoanId, ArticleId, EmployeeId, ClientId, RequestedAt, DeliveredAt, ReturnedAt, Status) VALUES ('b61c3681-31de-4228-a356-8180465a475b', '6c9dcebd-ef50-4749-b9f4-46f671d36509', '00000000-0000-0000-0000-000000000001', '18b90a52-029c-46da-894f-99ac2a9ec06e', '2024-10-23', '2024-10-24', NULL, 'Pending');
INSERT INTO Loans (LoanId, ArticleId, EmployeeId, ClientId, RequestedAt, DeliveredAt, ReturnedAt, Status) VALUES ('bb723b28-5d1d-4583-a7c0-a54843594b58', 'b8e07032-6d94-40fa-9361-1adbde9c42a7', '00000000-0000-0000-0000-000000000001', '5d42c16c-5ffe-4dba-8d72-5fd48f00f3f4', '2023-12-14', '2023-12-15', NULL, 'Rejected');
INSERT INTO Loans (LoanId, ArticleId, EmployeeId, ClientId, RequestedAt, DeliveredAt, ReturnedAt, Status) VALUES ('e38bbac6-a202-4bf1-8d4a-8d6aee5e6992', '7b9912a8-a349-431b-ac04-a6d81002e7ae', '00000000-0000-0000-0000-000000000001', '9e656907-634b-4c61-9155-da853ee4460b', '2024-10-12', '2024-10-13', NULL, 'Rejected');
INSERT INTO Loans (LoanId, ArticleId, EmployeeId, ClientId, RequestedAt, DeliveredAt, ReturnedAt, Status) VALUES ('09a98070-8189-4fb4-9048-c4429c3a6c02', '562f06e6-8b8c-4259-8a8a-a0c998b0b98a', '00000000-0000-0000-0000-000000000001', '233d7964-7f23-4bb4-a155-7f960264ef0e', '2023-09-29', '2023-09-30', NULL, 'Approved');
INSERT INTO Loans (LoanId, ArticleId, EmployeeId, ClientId, RequestedAt, DeliveredAt, ReturnedAt, Status) VALUES ('d5771c11-b4fa-4943-9a85-79b6e98724d8', '6b0099b8-ca1a-4a70-82a8-d25ec90c1d92', '00000000-0000-0000-0000-000000000001', 'b255f8f9-ebe5-46e7-9d9f-8ec8eebf95f8', '2023-08-06', '2023-08-07', '2023-09-22', 'Returned');
INSERT INTO Loans (LoanId, ArticleId, EmployeeId, ClientId, RequestedAt, DeliveredAt, ReturnedAt, Status) VALUES ('92549c45-5658-4a6d-8eaa-4599104622f7', 'a4f0e869-47cc-4980-9e9c-92ec0b70c745', '00000000-0000-0000-0000-000000000001', '81a6e444-a920-4dd8-954d-6dcc6c233a52', '2025-04-05', '2025-04-06', NULL, 'Pending');
INSERT INTO Loans (LoanId, ArticleId, EmployeeId, ClientId, RequestedAt, DeliveredAt, ReturnedAt, Status) VALUES ('7a7ffc2e-16bd-4c63-89d5-dbe5f2acfe45', '45a4c12b-5b01-4ba1-81e1-3c32580beffe', '00000000-0000-0000-0000-000000000001', '6f65f39a-e5f4-4f83-94c2-8d41e95db607', '2023-11-04', '2023-11-05', NULL, 'Rejected');
INSERT INTO Loans (LoanId, ArticleId, EmployeeId, ClientId, RequestedAt, DeliveredAt, ReturnedAt, Status) VALUES ('b5d79ec9-d5f0-4c4d-a2d2-dc44d2ddda90', '932ebe14-ec4c-4c70-89dc-b00b1887d28e', '00000000-0000-0000-0000-000000000001', '572de985-c96d-4b0a-bca0-0430cfc03a86', '2025-06-14', '2025-06-15', NULL, 'Pending');
INSERT INTO Loans (LoanId, ArticleId, EmployeeId, ClientId, RequestedAt, DeliveredAt, ReturnedAt, Status) VALUES ('5ad36a27-4f9a-4476-9671-7ba2e218be91', '4b746d6a-bea1-443f-a0f3-90cb886372ad', '00000000-0000-0000-0000-000000000001', '231705ce-f87b-4364-a770-b9ab6b422286', '2024-02-02', '2024-02-03', NULL, 'Rejected');
INSERT INTO Loans (LoanId, ArticleId, EmployeeId, ClientId, RequestedAt, DeliveredAt, ReturnedAt, Status) VALUES ('10362635-3d8e-4082-950a-6e4f95e609f8', '20e58b84-0103-44e8-8426-76f860df5a52', '00000000-0000-0000-0000-000000000001', '7271e694-2c76-473c-896a-e0d730f7088a', '2023-09-09', '2023-09-10', NULL, 'Rejected');
INSERT INTO Loans (LoanId, ArticleId, EmployeeId, ClientId, RequestedAt, DeliveredAt, ReturnedAt, Status) VALUES ('83e810bb-29d6-4f41-bcc5-b79df9a276e1', '9b9b08dc-6439-4b00-8ef0-52d1dc5a26f1', '00000000-0000-0000-0000-000000000001', 'c4b48966-c637-4cdb-8dd7-f428da5ffd0a', '2023-09-02', '2023-09-03', NULL, 'Pending');
INSERT INTO Loans (LoanId, ArticleId, EmployeeId, ClientId, RequestedAt, DeliveredAt, ReturnedAt, Status) VALUES ('3bc70f80-138d-4e80-95f7-d6b0ca0f92a6', '932ebe14-ec4c-4c70-89dc-b00b1887d28e', '00000000-0000-0000-0000-000000000001', 'f0c19d8b-509d-4ffd-82bb-0d27ec8956fc', '2024-03-14', '2024-03-15', '2024-04-20', 'Returned');
INSERT INTO Loans (LoanId, ArticleId, EmployeeId, ClientId, RequestedAt, DeliveredAt, ReturnedAt, Status) VALUES ('54ebfb96-750f-4383-b26a-a510ecd52498', '6b0099b8-ca1a-4a70-82a8-d25ec90c1d92', '00000000-0000-0000-0000-000000000001', '1feb2994-cc9f-4dde-80c0-315240c710a4', '2024-09-25', '2024-09-26', '2024-10-04', 'Returned');
INSERT INTO Loans (LoanId, ArticleId, EmployeeId, ClientId, RequestedAt, DeliveredAt, ReturnedAt, Status) VALUES ('3ec9784b-abed-407a-a5c8-df797d6c8131', '85006573-a990-43e9-b455-a483d0102a38', '00000000-0000-0000-0000-000000000001', 'f0c19d8b-509d-4ffd-82bb-0d27ec8956fc', '2024-07-13', '2024-07-14', NULL, 'Approved');
INSERT INTO Loans (LoanId, ArticleId, EmployeeId, ClientId, RequestedAt, DeliveredAt, ReturnedAt, Status) VALUES ('ef88f63f-0fd2-4365-821c-18b904aa6827', '562f06e6-8b8c-4259-8a8a-a0c998b0b98a', '00000000-0000-0000-0000-000000000001', '3bd83e87-0f17-466f-ad1a-e76526499881', '2024-10-18', '2024-10-19', '2024-11-22', 'Returned');
INSERT INTO Loans (LoanId, ArticleId, EmployeeId, ClientId, RequestedAt, DeliveredAt, ReturnedAt, Status) VALUES ('7ef1aa3b-3878-4878-9967-cc2709fc2d27', '56975cc8-e448-4f56-a440-fceab99d35d2', '00000000-0000-0000-0000-000000000001', 'feb61709-e472-4f99-a1bf-b27d2d5b48ff', '2024-09-07', '2024-09-08', NULL, 'Pending');
INSERT INTO Loans (LoanId, ArticleId, EmployeeId, ClientId, RequestedAt, DeliveredAt, ReturnedAt, Status) VALUES ('772f07d5-52a8-47ea-b3ce-939f8c622e96', 'ceaa0ea1-095f-4ac7-a73f-77d8554097d1', '00000000-0000-0000-0000-000000000001', '4a843304-fc91-4b48-9509-7779c2729c09', '2025-03-03', '2025-03-04', NULL, 'Approved');
INSERT INTO Loans (LoanId, ArticleId, EmployeeId, ClientId, RequestedAt, DeliveredAt, ReturnedAt, Status) VALUES ('fb70fe5d-7bf1-4643-ac0c-d2fac8238b3b', 'ccef1e7f-79ad-4f1e-9915-b67eb275300a', '00000000-0000-0000-0000-000000000001', '231705ce-f87b-4364-a770-b9ab6b422286', '2025-05-16', '2025-05-17', '2025-07-03', 'Returned');
INSERT INTO Loans (LoanId, ArticleId, EmployeeId, ClientId, RequestedAt, DeliveredAt, ReturnedAt, Status) VALUES ('ff7d0aa9-2e7a-4b35-9d70-da1d92454609', 'f11d7b91-a283-4865-be0f-d7d1503d38bd', '00000000-0000-0000-0000-000000000001', '8fa7e9b2-e5ae-4722-b979-5cbf63c20810', '2024-07-21', '2024-07-22', NULL, 'Pending');
INSERT INTO Loans (LoanId, ArticleId, EmployeeId, ClientId, RequestedAt, DeliveredAt, ReturnedAt, Status) VALUES ('e088d00d-476f-4a69-af5b-7a723a82dce7', '21fa5d23-9940-41a4-890e-e882c5081594', '00000000-0000-0000-0000-000000000001', 'fe271f1c-74f3-461f-bf85-be6d8498e1f1', '2025-04-23', '2025-04-24', NULL, 'Approved');
INSERT INTO Loans (LoanId, ArticleId, EmployeeId, ClientId, RequestedAt, DeliveredAt, ReturnedAt, Status) VALUES ('46a85cd2-f5bb-4428-bed3-b66e46acfbfd', '3a48dbbd-15ac-4891-9926-2d26180ed1db', '00000000-0000-0000-0000-000000000001', '7271e694-2c76-473c-896a-e0d730f7088a', '2023-07-20', '2023-07-21', NULL, 'Rejected');
INSERT INTO Loans (LoanId, ArticleId, EmployeeId, ClientId, RequestedAt, DeliveredAt, ReturnedAt, Status) VALUES ('f2f141ae-14f6-479a-8c06-ac0c3c29a33e', '0d94f284-a89c-4683-afbe-3a2ccf47224c', '00000000-0000-0000-0000-000000000001', '81a6e444-a920-4dd8-954d-6dcc6c233a52', '2025-06-24', '2025-06-25', '2025-08-23', 'Returned');
INSERT INTO Loans (LoanId, ArticleId, EmployeeId, ClientId, RequestedAt, DeliveredAt, ReturnedAt, Status) VALUES ('2f7ee0e4-df3f-4a1d-831b-7dbc7abedf17', '932ebe14-ec4c-4c70-89dc-b00b1887d28e', '00000000-0000-0000-0000-000000000001', '0897f264-7530-4b4f-988f-2ad50bcb1f76', '2024-09-14', '2024-09-15', '2024-10-11', 'Returned');
INSERT INTO Loans (LoanId, ArticleId, EmployeeId, ClientId, RequestedAt, DeliveredAt, ReturnedAt, Status) VALUES ('fb5cef41-8250-4abf-b360-85682db3d61d', '86c10d6c-0347-40cc-a4a5-80a647f8bda8', '00000000-0000-0000-0000-000000000001', '03d6590d-052d-4d6a-93ec-0b21b77e3238', '2025-05-26', '2025-05-27', NULL, 'Approved');
INSERT INTO Loans (LoanId, ArticleId, EmployeeId, ClientId, RequestedAt, DeliveredAt, ReturnedAt, Status) VALUES ('07090466-53b3-46ed-ba2b-ce1e2ad5958c', '6c9dcebd-ef50-4749-b9f4-46f671d36509', '00000000-0000-0000-0000-000000000001', 'feb61709-e472-4f99-a1bf-b27d2d5b48ff', '2024-07-28', '2024-07-29', NULL, 'Pending');
INSERT INTO Loans (LoanId, ArticleId, EmployeeId, ClientId, RequestedAt, DeliveredAt, ReturnedAt, Status) VALUES ('a6309441-a373-4eeb-91f4-d7f151c89fbd', 'ba5a4bd6-9d89-4371-8433-cd8a8edf53e1', '00000000-0000-0000-0000-000000000001', '20cf05f9-29fd-4a99-b7e9-a62d6b03d2b6', '2024-02-20', '2024-02-21', '2024-03-27', 'Returned');
INSERT INTO Loans (LoanId, ArticleId, EmployeeId, ClientId, RequestedAt, DeliveredAt, ReturnedAt, Status) VALUES ('44ce8dac-dd49-4cb3-8306-3b1a2ee4db1f', 'ceaa0ea1-095f-4ac7-a73f-77d8554097d1', '00000000-0000-0000-0000-000000000001', '03d6590d-052d-4d6a-93ec-0b21b77e3238', '2025-02-10', '2025-02-11', NULL, 'Pending');
INSERT INTO Loans (LoanId, ArticleId, EmployeeId, ClientId, RequestedAt, DeliveredAt, ReturnedAt, Status) VALUES ('e94fdc88-12f1-4527-ac21-59e8b5ec210a', '21fa5d23-9940-41a4-890e-e882c5081594', '00000000-0000-0000-0000-000000000001', '9e656907-634b-4c61-9155-da853ee4460b', '2023-12-14', '2023-12-15', NULL, 'Approved');
INSERT INTO Loans (LoanId, ArticleId, EmployeeId, ClientId, RequestedAt, DeliveredAt, ReturnedAt, Status) VALUES ('bb121a89-5da1-46e1-a24e-8f41e95f30a3', '7957f7a2-f2b4-4ece-8fb9-31046976de40', '00000000-0000-0000-0000-000000000001', '81a6e444-a920-4dd8-954d-6dcc6c233a52', '2023-11-30', '2023-12-01', NULL, 'Pending');
INSERT INTO Loans (LoanId, ArticleId, EmployeeId, ClientId, RequestedAt, DeliveredAt, ReturnedAt, Status) VALUES ('8b4754d1-413a-469b-96c5-b4d26756b397', '21fa5d23-9940-41a4-890e-e882c5081594', '00000000-0000-0000-0000-000000000001', '233d7964-7f23-4bb4-a155-7f960264ef0e', '2023-10-25', '2023-10-26', NULL, 'Approved');
INSERT INTO Loans (LoanId, ArticleId, EmployeeId, ClientId, RequestedAt, DeliveredAt, ReturnedAt, Status) VALUES ('19528af2-9121-41be-817c-5ff0813553ad', 'bc2ff02a-2115-4944-8631-202d21139dcd', '00000000-0000-0000-0000-000000000001', '9e656907-634b-4c61-9155-da853ee4460b', '2023-11-13', '2023-11-14', '2024-01-03', 'Returned');
INSERT INTO Observations (ObservationId, LoanId, Text, CreatedAt) VALUES ('f945456d-de3a-4513-be3b-885f9435d179', '89df3b37-ca39-49d8-a990-0d33bfd38985', 'Gas old cause raise.', '2024-06-13');
INSERT INTO Observations (ObservationId, LoanId, Text, CreatedAt) VALUES ('0be71c45-6b13-48f8-b468-09993572cec4', '89df3b37-ca39-49d8-a990-0d33bfd38985', 'Meet ever paper yard where more she close age nothing.', '2024-06-14');
INSERT INTO Observations (ObservationId, LoanId, Text, CreatedAt) VALUES ('d1cc109d-a1f7-4153-bc9d-7ff061c89a7d', '1b5d0963-4375-4278-90a7-02c211cfe6f0', 'Pick begin material low west surface government stage.', '2023-10-05');
INSERT INTO Observations (ObservationId, LoanId, Text, CreatedAt) VALUES ('b17daf33-e61d-4913-acb6-cf3a08166d79', '1b5d0963-4375-4278-90a7-02c211cfe6f0', 'People few notice good face social.', '2023-10-03');
INSERT INTO Observations (ObservationId, LoanId, Text, CreatedAt) VALUES ('57b4da94-912f-4d1c-a65c-24056620e8b3', 'c327e09a-c70a-4b4f-b70d-84971af3db7b', 'Common decide here before some friend.', '2024-04-11');
INSERT INTO Observations (ObservationId, LoanId, Text, CreatedAt) VALUES ('6bea3a23-0bac-46f7-a275-6b73669f8ee4', 'c327e09a-c70a-4b4f-b70d-84971af3db7b', 'Family firm serve all mouth food team structure stand.', '2024-04-12');
INSERT INTO Observations (ObservationId, LoanId, Text, CreatedAt) VALUES ('b1123457-b537-41de-a15b-7b31c670bf43', '6d862cc1-065e-4448-9c29-0867a378f44e', 'Onto lose help those know.', '2023-07-26');
INSERT INTO Observations (ObservationId, LoanId, Text, CreatedAt) VALUES ('e1251188-f771-4a5d-83fc-ca6d3d2ea134', '6d862cc1-065e-4448-9c29-0867a378f44e', 'Wrong wind coach effort middle page ball.', '2023-07-24');
INSERT INTO Observations (ObservationId, LoanId, Text, CreatedAt) VALUES ('6b8d7962-af0d-4847-913a-f0d3051a5161', '6d862cc1-065e-4448-9c29-0867a378f44e', 'General page sell security world capital bed start easy.', '2023-07-24');
INSERT INTO Observations (ObservationId, LoanId, Text, CreatedAt) VALUES ('b9112b1a-630f-43a2-a713-82c5b6296bf4', '5685042d-022e-443b-ba95-576360c2c8f8', 'Break tend south information glass exist.', '2025-05-06');
INSERT INTO Observations (ObservationId, LoanId, Text, CreatedAt) VALUES ('6c1f48e6-936a-44dc-afb9-f67446aeebff', '5685042d-022e-443b-ba95-576360c2c8f8', 'Evidence common miss himself maintain trip speak seek majority.', '2025-05-06');
INSERT INTO Observations (ObservationId, LoanId, Text, CreatedAt) VALUES ('835ccb6c-06f0-42fe-8444-5885f2c3e32b', '5685042d-022e-443b-ba95-576360c2c8f8', 'Painting wide population hair film how.', '2025-05-08');
INSERT INTO Observations (ObservationId, LoanId, Text, CreatedAt) VALUES ('3c9b533c-e353-48fc-a01c-b68f57b97808', 'd0675ea5-2452-4b69-b81e-422bbde093b0', 'Fact value deal moment office hand forget.', '2024-11-20');
INSERT INTO Observations (ObservationId, LoanId, Text, CreatedAt) VALUES ('c7599d80-ab3c-4d25-9e0f-04694202b0b3', 'd0675ea5-2452-4b69-b81e-422bbde093b0', 'Board good subject nation station claim standard move someone.', '2024-11-21');
INSERT INTO Observations (ObservationId, LoanId, Text, CreatedAt) VALUES ('0b34ac20-2860-4790-8a38-1cd907431208', '1cd23cc6-c49e-4adb-9b0d-6614db447e34', 'Human adult compare personal answer every standard stock life.', '2024-03-16');
INSERT INTO Observations (ObservationId, LoanId, Text, CreatedAt) VALUES ('5143f951-0863-4772-ab1a-a3f788d55396', '1cd23cc6-c49e-4adb-9b0d-6614db447e34', 'Your write official minute Mr site season like foot effect.', '2024-03-14');
INSERT INTO Observations (ObservationId, LoanId, Text, CreatedAt) VALUES ('5fedd6fc-580b-4759-8e6c-188a18b08fda', '1cd23cc6-c49e-4adb-9b0d-6614db447e34', 'School either course everybody business crime large whom pass voice.', '2024-03-15');
INSERT INTO Observations (ObservationId, LoanId, Text, CreatedAt) VALUES ('b0e9d168-e4aa-4a77-bb4c-72eee89a6677', 'dca3cc7a-926c-4178-ac5e-55d2e5200b51', 'Myself response indeed doctor could cold material.', '2025-03-05');
INSERT INTO Observations (ObservationId, LoanId, Text, CreatedAt) VALUES ('0da83c8f-6d9f-49b1-add6-43ebe2f13657', 'dca3cc7a-926c-4178-ac5e-55d2e5200b51', 'Bank remember own prepare court school far trouble page.', '2025-03-07');
INSERT INTO Observations (ObservationId, LoanId, Text, CreatedAt) VALUES ('4c79e927-a454-4968-adaa-a8dca73edcef', 'c61eb2c9-3d9a-4492-80b7-1b300d858172', 'Article power central miss blood.', '2024-08-03');
INSERT INTO Observations (ObservationId, LoanId, Text, CreatedAt) VALUES ('fd992259-b4d1-43ad-8d68-6286938b7573', '8da91840-d81b-4773-8f45-513532ea5a2b', 'Kind increase forward attack successful notice himself.', '2024-06-05');
INSERT INTO Observations (ObservationId, LoanId, Text, CreatedAt) VALUES ('5688828f-3bef-4a6e-90f8-ff87a50d75ac', '8da91840-d81b-4773-8f45-513532ea5a2b', 'Support quality style president agency task design.', '2024-06-05');
INSERT INTO Observations (ObservationId, LoanId, Text, CreatedAt) VALUES ('75a391f3-ab8e-48b2-9399-0d3b4eef9d3e', '8da91840-d81b-4773-8f45-513532ea5a2b', 'Pressure not he age issue soon cultural very.', '2024-06-05');
INSERT INTO Observations (ObservationId, LoanId, Text, CreatedAt) VALUES ('b28a8fda-55f5-4ea2-a22b-61fd87db8216', 'd9a8ee7d-b6a5-43b1-a0ab-feb1ffa763f7', 'Science far common bank including plan national wonder day stock while.', '2025-03-04');
INSERT INTO Observations (ObservationId, LoanId, Text, CreatedAt) VALUES ('0a0db076-0329-4ffc-91f0-d6ff213fb59d', 'd9a8ee7d-b6a5-43b1-a0ab-feb1ffa763f7', 'Relate indicate activity enter find modern result offer sort.', '2025-03-04');
INSERT INTO Observations (ObservationId, LoanId, Text, CreatedAt) VALUES ('68bf1bf4-5cf2-436e-8bb7-9ada7ece68d6', 'd9a8ee7d-b6a5-43b1-a0ab-feb1ffa763f7', 'Of offer pass enjoy loss suddenly main.', '2025-03-04');
INSERT INTO Observations (ObservationId, LoanId, Text, CreatedAt) VALUES ('f4cfcd00-f0cf-4537-8316-27c8bc178ef6', '7af4fa35-9f44-4d47-8ed7-402ba5379f0d', 'Phone product major ago argue ever nature list occur security.', '2024-01-28');
INSERT INTO Observations (ObservationId, LoanId, Text, CreatedAt) VALUES ('f00104e2-e141-41e9-8100-296180e69db0', '7af4fa35-9f44-4d47-8ed7-402ba5379f0d', 'Often culture group international everything ok as current well.', '2024-01-30');
INSERT INTO Observations (ObservationId, LoanId, Text, CreatedAt) VALUES ('ec9bc4b2-943b-4e72-b6ce-e0e85abf404d', '7af4fa35-9f44-4d47-8ed7-402ba5379f0d', 'Its traditional social economy story market receive condition authority physical among.', '2024-01-30');
INSERT INTO Observations (ObservationId, LoanId, Text, CreatedAt) VALUES ('6e4cd9fa-9138-48da-beeb-437c9dab4839', '75541172-4dc9-49a9-95f0-1149196c8cdc', 'Collection write season agency matter pressure.', '2023-12-23');
INSERT INTO Observations (ObservationId, LoanId, Text, CreatedAt) VALUES ('01156bfe-44e2-44f2-a8f4-9e6f075c4c46', '75541172-4dc9-49a9-95f0-1149196c8cdc', 'Yard challenge mention husband natural mother political site.', '2023-12-25');
INSERT INTO Observations (ObservationId, LoanId, Text, CreatedAt) VALUES ('ee3dd80b-d87e-47e2-b414-8372878e5180', '75541172-4dc9-49a9-95f0-1149196c8cdc', 'Somebody heart know unit community beat now.', '2023-12-25');
INSERT INTO Observations (ObservationId, LoanId, Text, CreatedAt) VALUES ('bef20b42-eaae-420a-8467-ba1e9730a806', 'b61c3681-31de-4228-a356-8180465a475b', 'Night building I respond financial adult thought opportunity.', '2024-10-25');
INSERT INTO Observations (ObservationId, LoanId, Text, CreatedAt) VALUES ('70c53d9c-b73d-4e6f-9746-a482802106c3', 'b61c3681-31de-4228-a356-8180465a475b', 'Data including later throughout worry increase employee.', '2024-10-25');
INSERT INTO Observations (ObservationId, LoanId, Text, CreatedAt) VALUES ('26e0caf7-1e30-46a9-b989-ead70a19c13c', 'bb723b28-5d1d-4583-a7c0-a54843594b58', 'Break find cup ten and produce arm word peace what.', '2023-12-18');
INSERT INTO Observations (ObservationId, LoanId, Text, CreatedAt) VALUES ('f35c049c-e576-4e99-9899-746ad8a07db4', 'bb723b28-5d1d-4583-a7c0-a54843594b58', 'Must environmental blood them pay argue know can many.', '2023-12-16');
INSERT INTO Observations (ObservationId, LoanId, Text, CreatedAt) VALUES ('1cebaf05-44b8-4b05-8af4-4c320db4b48c', 'bb723b28-5d1d-4583-a7c0-a54843594b58', 'Man law phone kind.', '2023-12-18');
INSERT INTO Observations (ObservationId, LoanId, Text, CreatedAt) VALUES ('6ac75a0a-ba28-4570-bdd1-beaaa9685a2c', '09a98070-8189-4fb4-9048-c4429c3a6c02', 'Black admit degree factor six event later present arrive beat.', '2023-10-02');
INSERT INTO Observations (ObservationId, LoanId, Text, CreatedAt) VALUES ('c7260c31-4488-472b-9b49-809983da8e16', 'b5d79ec9-d5f0-4c4d-a2d2-dc44d2ddda90', 'Owner any deep hear treat magazine police interview scene.', '2025-06-17');
INSERT INTO Observations (ObservationId, LoanId, Text, CreatedAt) VALUES ('69485f86-4d0d-4966-95e7-492882f9dccc', 'b5d79ec9-d5f0-4c4d-a2d2-dc44d2ddda90', 'Sell answer suddenly Congress him the.', '2025-06-15');
INSERT INTO Observations (ObservationId, LoanId, Text, CreatedAt) VALUES ('58c98532-dbc2-4e6e-ae7f-d446c6fba49b', '5ad36a27-4f9a-4476-9671-7ba2e218be91', 'Important market century risk eye seem reflect official development officer.', '2024-02-03');
INSERT INTO Observations (ObservationId, LoanId, Text, CreatedAt) VALUES ('50122ee6-bd27-4bb6-8240-1ce5ec631a79', '5ad36a27-4f9a-4476-9671-7ba2e218be91', 'Industry hope skin rich end.', '2024-02-05');
INSERT INTO Observations (ObservationId, LoanId, Text, CreatedAt) VALUES ('2dd31999-3a3d-42a1-8b47-5adeb6a26af6', '5ad36a27-4f9a-4476-9671-7ba2e218be91', 'School western top many reality tough.', '2024-02-05');
INSERT INTO Observations (ObservationId, LoanId, Text, CreatedAt) VALUES ('8f7455ff-0a3f-48e0-a3a8-17bf6cb38d2f', '10362635-3d8e-4082-950a-6e4f95e609f8', 'Model service similar speech ready imagine.', '2023-09-12');
INSERT INTO Observations (ObservationId, LoanId, Text, CreatedAt) VALUES ('163b682c-3181-4bf1-8b32-16de68c6b86f', '10362635-3d8e-4082-950a-6e4f95e609f8', 'Wait which certain foot among possible drop yourself because off.', '2023-09-12');
INSERT INTO Observations (ObservationId, LoanId, Text, CreatedAt) VALUES ('ed6e2f32-87a6-4344-b2ff-1896ac3d15eb', '10362635-3d8e-4082-950a-6e4f95e609f8', 'Become phone personal clearly great seem what news early.', '2023-09-10');
INSERT INTO Observations (ObservationId, LoanId, Text, CreatedAt) VALUES ('4931d67d-2668-463e-8f86-1f9b7166b61a', '83e810bb-29d6-4f41-bcc5-b79df9a276e1', 'Least its cold thing require interesting well important degree bad.', '2023-09-03');
INSERT INTO Observations (ObservationId, LoanId, Text, CreatedAt) VALUES ('bbef3169-c5ae-476d-a53b-270d6ef6cb89', '3bc70f80-138d-4e80-95f7-d6b0ca0f92a6', 'Force chair campaign piece product national body stay.', '2024-03-15');
INSERT INTO Observations (ObservationId, LoanId, Text, CreatedAt) VALUES ('bf07616c-1234-4867-8d83-0703b8ac51d0', '3bc70f80-138d-4e80-95f7-d6b0ca0f92a6', 'Democratic lay room its yes.', '2024-03-16');
INSERT INTO Observations (ObservationId, LoanId, Text, CreatedAt) VALUES ('cb6f1831-e6c5-4137-97c8-01fe939e6258', '54ebfb96-750f-4383-b26a-a510ecd52498', 'Chance great situation herself blue.', '2024-09-29');
INSERT INTO Observations (ObservationId, LoanId, Text, CreatedAt) VALUES ('8cd58564-d7db-4876-b74b-bb2b79e6bbea', '54ebfb96-750f-4383-b26a-a510ecd52498', 'Idea guy center spend some hotel institution week night.', '2024-09-27');
INSERT INTO Observations (ObservationId, LoanId, Text, CreatedAt) VALUES ('6baea621-99f3-48d7-9802-728312c2c139', '3ec9784b-abed-407a-a5c8-df797d6c8131', 'According method true visit prepare try win care wish newspaper.', '2024-07-16');
INSERT INTO Observations (ObservationId, LoanId, Text, CreatedAt) VALUES ('4331b70d-b67d-4131-8226-4fff1c527398', '3ec9784b-abed-407a-a5c8-df797d6c8131', 'Without good sure south several.', '2024-07-17');
INSERT INTO Observations (ObservationId, LoanId, Text, CreatedAt) VALUES ('1c96c647-26dc-4223-a546-f7e8a89196eb', '7ef1aa3b-3878-4878-9967-cc2709fc2d27', 'Air paper generation coach life chair between turn north.', '2024-09-08');
INSERT INTO Observations (ObservationId, LoanId, Text, CreatedAt) VALUES ('4100fa56-92c0-4f1f-944b-7dcd1c226bb9', '7ef1aa3b-3878-4878-9967-cc2709fc2d27', 'Present participant season determine answer garden medical forward relate.', '2024-09-09');
INSERT INTO Observations (ObservationId, LoanId, Text, CreatedAt) VALUES ('779c8390-6eb1-4be1-b544-ab9b8cf08920', '772f07d5-52a8-47ea-b3ce-939f8c622e96', 'Inside kid total on.', '2025-03-05');
INSERT INTO Observations (ObservationId, LoanId, Text, CreatedAt) VALUES ('7ff0b9ba-4c7f-48d6-a4a7-fe126cde3701', '772f07d5-52a8-47ea-b3ce-939f8c622e96', 'Seek to white southern scientist wait say reason mean age.', '2025-03-07');
INSERT INTO Observations (ObservationId, LoanId, Text, CreatedAt) VALUES ('e2ba6156-7650-4319-81b2-afb7dbc4a537', '772f07d5-52a8-47ea-b3ce-939f8c622e96', 'Mr bit body add despite loss.', '2025-03-07');
INSERT INTO Observations (ObservationId, LoanId, Text, CreatedAt) VALUES ('5126eb89-99d4-44c4-ac6d-056aabe01e2f', 'fb70fe5d-7bf1-4643-ac0c-d2fac8238b3b', 'Policy executive space administration free final ok.', '2025-05-17');
INSERT INTO Observations (ObservationId, LoanId, Text, CreatedAt) VALUES ('d73e0bb6-63a8-4a29-9bb0-57191c2fbcc1', 'ff7d0aa9-2e7a-4b35-9d70-da1d92454609', 'Democrat quite everything finish collection.', '2024-07-22');
INSERT INTO Observations (ObservationId, LoanId, Text, CreatedAt) VALUES ('288ab595-2721-47b9-b2f3-fd2f031dd2d9', 'ff7d0aa9-2e7a-4b35-9d70-da1d92454609', 'Audience television or wife model light over investment if indicate.', '2024-07-24');
INSERT INTO Observations (ObservationId, LoanId, Text, CreatedAt) VALUES ('9d890f63-2e95-4003-80e3-2ad594e740f1', 'e088d00d-476f-4a69-af5b-7a723a82dce7', 'Feel would every knowledge single.', '2025-04-24');
INSERT INTO Observations (ObservationId, LoanId, Text, CreatedAt) VALUES ('941b6f79-4bb2-443a-9dbf-d45bf23f0da6', '46a85cd2-f5bb-4428-bed3-b66e46acfbfd', 'Person create little sign reason woman sit former effect.', '2023-07-22');
INSERT INTO Observations (ObservationId, LoanId, Text, CreatedAt) VALUES ('27a0fefe-b87c-42b8-823f-8a1526aa2b80', '46a85cd2-f5bb-4428-bed3-b66e46acfbfd', 'Party turn teacher time personal life again these.', '2023-07-21');
INSERT INTO Observations (ObservationId, LoanId, Text, CreatedAt) VALUES ('bf7cc50e-8c4e-48c3-ae6a-d193ab4aedff', '46a85cd2-f5bb-4428-bed3-b66e46acfbfd', 'Remember compare late guy skill concern.', '2023-07-24');
INSERT INTO Observations (ObservationId, LoanId, Text, CreatedAt) VALUES ('3721e2d8-672e-4786-a1c9-f7e4ef76ea8b', 'f2f141ae-14f6-479a-8c06-ac0c3c29a33e', 'Way yet generation who throughout who five necessary despite.', '2025-06-28');
INSERT INTO Observations (ObservationId, LoanId, Text, CreatedAt) VALUES ('f7410816-7a15-498a-ac5c-e0be6ea74488', 'f2f141ae-14f6-479a-8c06-ac0c3c29a33e', 'Foot those magazine body serious no study.', '2025-06-27');
INSERT INTO Observations (ObservationId, LoanId, Text, CreatedAt) VALUES ('1c945f02-82a1-4b91-95b6-61153ab427da', '2f7ee0e4-df3f-4a1d-831b-7dbc7abedf17', 'Have the exactly window blue right.', '2024-09-17');
INSERT INTO Observations (ObservationId, LoanId, Text, CreatedAt) VALUES ('49d7b344-af2a-468e-9f2d-569955c30e6b', 'fb5cef41-8250-4abf-b360-85682db3d61d', 'Third model alone often ability bill return.', '2025-05-28');
INSERT INTO Observations (ObservationId, LoanId, Text, CreatedAt) VALUES ('68c0de07-2714-47a7-924e-535166b4e315', '07090466-53b3-46ed-ba2b-ce1e2ad5958c', 'Happen central able here not find safe computer girl why.', '2024-07-30');
INSERT INTO Observations (ObservationId, LoanId, Text, CreatedAt) VALUES ('0729ce9c-6d41-4a1e-93cc-79536163a8e2', '44ce8dac-dd49-4cb3-8306-3b1a2ee4db1f', 'Cut when defense card talk mouth physical three or peace reach.', '2025-02-13');
INSERT INTO Observations (ObservationId, LoanId, Text, CreatedAt) VALUES ('bb3e1aed-e552-46f5-a735-b16cda114376', '44ce8dac-dd49-4cb3-8306-3b1a2ee4db1f', 'True free social federal message last such forward.', '2025-02-11');
INSERT INTO Observations (ObservationId, LoanId, Text, CreatedAt) VALUES ('5a737320-a729-424c-bb55-bd6285730728', '44ce8dac-dd49-4cb3-8306-3b1a2ee4db1f', 'Factor school send statement building receive hope move.', '2025-02-13');
INSERT INTO Observations (ObservationId, LoanId, Text, CreatedAt) VALUES ('5579bd6b-7456-4b45-b7a8-aefe98b94249', 'e94fdc88-12f1-4527-ac21-59e8b5ec210a', 'Else service two cell interest.', '2023-12-17');
INSERT INTO Observations (ObservationId, LoanId, Text, CreatedAt) VALUES ('df3fba51-bfa0-4ae1-9743-e56bab892a79', 'e94fdc88-12f1-4527-ac21-59e8b5ec210a', 'Quickly call them very majority him model someone building could.', '2023-12-15');
INSERT INTO Observations (ObservationId, LoanId, Text, CreatedAt) VALUES ('2ddb65b9-ec63-4a77-b37c-efb2d47b73f5', '8b4754d1-413a-469b-96c5-b4d26756b397', 'Ready more ground suffer medical many.', '2023-10-29');
INSERT INTO Observations (ObservationId, LoanId, Text, CreatedAt) VALUES ('9f5e8079-6b8f-442b-8aba-0cb87481dd7d', '8b4754d1-413a-469b-96c5-b4d26756b397', 'Evening effect recognize society this sometimes.', '2023-10-29');
INSERT INTO Observations (ObservationId, LoanId, Text, CreatedAt) VALUES ('b9506b5d-4df0-41aa-933e-12ed927dc0c5', '19528af2-9121-41be-817c-5ff0813553ad', 'Identify recently continue kind within.', '2023-11-14');